Region number,region,value
2,TL hippocampus L,1.0165107229088791e-05
48,Lateral ventricle temporal horn L,3.3660874112635946e-06
88,insula middle short gyrus L,3.027364361580355e-06
1,TL hippocampus R,2.7718496710981497e-06
70,FL lateral orbital gyrus L,2.2904006151415552e-06
